Regularizer,AUC_vl,Pr_vl
10,0.983703095,0.269651223
100000,0.983630173,0.268951194
100,0.983603022,0.268881391
0.1,0.98449685,0.267838676
1,0.983902902,0.267838676
10000,0.98375435,0.264758497
1000,0.98372173,0.264083609
0.01,0.984748305,0.260760131
0.001,0.982939599,0.241154562
0.0001,0.978925041,0.194553255
1.00E-05,0.971784919,0.150065057